,id,comment,author,likecount,publishedAt
0,Ugye4ZLBv4UCUtUGlRN4AaABAg,AmazingğŸ‘ğŸ»ğŸ‘ğŸ»ğŸ‘ğŸ»,Venus rose Venus rose,1,2022-04-27T11:42:28Z
1,UgyYKSGDcbOGdWZd1XN4AaABAg,Love it ğŸ¤—â˜º,Felix Perez,1,2022-04-05T16:25:38Z
2,UgyEKt4Jn6E6Z3gEzqp4AaABAg,"I really like this song. Nice music, nice video, nice story!",Lee Sanghwa,1,2022-03-26T04:51:03Z
3,UgycBz8IOawY1SxuMzd4AaABAg,Ho ricominciato ad emozionarmi! Complimenti.,Teresa Spanu,1,2022-03-12T11:31:55Z
4,Ugw-hY_sPXX4hHKsSNp4AaABAg,You lose yourself. I am loving it,aisa salas,1,2022-02-18T15:24:53Z
5,UgzGWfsd4iFzczZiggd4AaABAg,Woow,Matteus Silva,1,2022-02-05T11:54:54Z
6,UgwmHt7RbjOK7PrjcsF4AaABAg,I am here,Pawel Janusz,1,2022-01-31T07:00:32Z
7,UgwIWXAEHH0NujeFUaN4AaABAg,Grande Musica e Video... GrÃ¼sse aus Deutschland,Firma Flock,1,2022-01-13T15:15:05Z
8,Ugx1bB8mgwnTwnIQOC94AaABAg,Me fascina tu mÃºsica. Un abrazo desde Venezuela.,Anitzuy Veloz,1,2022-01-10T03:58:28Z
9,Ugzhfz9c-e8UgTbxreZ4AaABAg,This is amazing â™¥ï¸,Vanessaaboo Gutierrez,1,2022-01-06T20:33:50Z
10,Ugw0brBlBF-UXon_BKh4AaABAg,Muito bom ğŸ‘ğŸ‘ğŸ‘,beatriz araÃºjo da silva,1,2022-01-04T08:57:58Z
11,Ugwljfwx0G3NvmCIVXR4AaABAg,Brilliant music! Amazing!â¤ The music and this video are very motivating. The words are wonderful at the end of the video.ğŸ‘,ĞšĞ°Ñ‚ĞµÑ€Ğ¸Ğ½Ğ° Ğ¡ĞµÑ€Ğ³ĞµĞµĞ²Ğ°,1,2021-12-24T16:42:02Z
12,UgyJwmoqSdRjJ-birgx4AaABAg,"Amazing music... ğŸ’™ğŸ’™ğŸ’™
Wish you all the bestğŸ¤—",Brankica ğŸ°,2,2021-12-10T22:43:22Z
13,UgwEzb90NHQg8tt4bgd4AaABAg,ğŸ˜â˜ºğŸ˜Œ,ikatÑŒmysecondname,1,2021-12-02T18:59:10Z
14,Ugxo0svIB42DLrCSEol4AaABAg,Your music  brings such peace and beauty to the soul!,William Bey,1,2021-11-15T16:30:03Z
15,UgySxBJ-V3NRYU2UAtZ4AaABAg,Everything about this is beautiful!!! Thank  you ğŸ™ğŸ»â¤ï¸ğŸ¤—,Alessandro DeNino,2,2021-11-09T22:40:57Z
16,UgwTd4L_qJcuK-4fKSR4AaABAg,JÃ¡ na minha playlist.... VocÃª Ã© muito bom!!! Obrigada,JÃ´ SantÃª,3,2021-11-09T14:35:30Z
17,UgzMohaL-Drbe1Rok2B4AaABAg,Adoro questa canzone.......the best Giurioli,Lucian Ionita,1,2021-10-16T19:16:37Z
18,UgxzAjGBDJP3Ys1TR7p4AaABAg,thanks,ĞĞ½Ğ°ÑÑ‚Ğ°ÑĞ¸Ñ ĞœÑƒÑ…Ğ¸Ğ½Ğ°,1,2021-09-30T22:00:55Z
19,UgyRb1clyfRoEtHXkVR4AaABAg,"Beatifull music. Ğ¯ ÑĞ¾Ñ‡Ğ¸Ğ½ÑÑ ÑÑ‚Ğ¸Ñ…Ğ¾Ñ‚Ğ²Ğ¾Ñ€ĞµĞ½Ğ¸Ñ Ğ¿Ğ¾Ğ´ Ğ²Ğ°ÑˆĞ¸ Ğ¼ĞµĞ»Ğ¾Ğ´Ğ¸Ğ¸ Ñ‚ĞµĞ¿ĞµÑ€ÑŒ.
ĞĞ´Ğ¸Ğ¿ ĞšĞ°Ğ¸ÑĞ¸",Ro Kuschanova,1,2021-09-29T19:42:51Z
20,UgxlHEbNoAx_khkV6ZN4AaABAg,"Something (well quite a lot actually Sir!) has been missing from life in recent times then, tonight, I knew what would help to fill the void...hearing some of your music again. It has worked wonders! Thank you! 
Belated happy birthday for your special one on 24/7. I hope it was a good one.
Blessings and peace",George Alderson,0,2021-09-22T22:50:58Z
21,UgwH4_U2_l1Z6igm1uF4AaABAg,Lovely,Bowale Emmanuel,0,2021-09-21T15:39:35Z
22,Ugw-joHX_NfKWoFYsy54AaABAg,Linda!â¤,deniserufo Santos,0,2021-08-08T16:15:20Z
23,UgyQzGlzTvSLpi9GCnZ4AaABAg,ğŸ¤ğŸ¤ğŸ¤ğŸ¤ğŸ¤ğŸ¤ğŸ¤ğŸ¤ğŸ¤ğŸ¤ğŸ¤ğŸ¤ğŸ¤,Mohamed Morsy,1,2021-06-24T15:00:41Z
24,UgyS7VBSU7awccqFYJx4AaABAg,"god this song is absolute genius, and the cinematography too....thank you for sharing. I haven't had a song make me feel something in a long time and finding yours was a welcome relief :)",Elise,3,2021-06-20T16:10:46Z
25,UgyaA9enlu-Z3vR3cVp4AaABAg,"This is so Amazing, love the story feel to it.",Don Juan the GodSter.,1,2021-06-14T00:57:40Z
26,Ugxd0tUFTM918B7o83h4AaABAg,Beautiful music!! Congratulations Alberto!!  â¤ğŸµ,Vasilis Tsantilas,1,2021-06-10T09:50:48Z
27,UgzpIXu8ZQ9P5PJfQDB4AaABAg,ğŸ‘ğŸ‘,Jamilly Lima,1,2021-06-08T23:56:54Z
28,UgyZbWjuZKkz1oT1--V4AaABAg,ğŸŒ¹ğŸŒ¹ğŸŒ¹,Dakota Hill Llc,0,2021-06-07T11:02:39Z
29,UgyIkDwPMbtPyLIRCbV4AaABAg,"Amei suas notas musicais,seu vÃ­deo e muito bom de uma doÃ§ura pra nossos coraÃ§Ãµes. Obrigada por compartilhar conosco essa belÃ­ssima mÃºsica. Fica com Deus â£ï¸â£ï¸ğŸ‡§ğŸ‡·ğŸ‡§ğŸ‡·",Dinalva Santos,0,2021-05-27T17:44:30Z
30,UgwMyUTJdXGNzViiJBt4AaABAg,Absolutely beautiful. â¤ï¸,Brianna Watson,1,2021-05-27T11:20:35Z
31,UgzFo0oQL5vw3JhP9tF4AaABAg,ğŸ’«ğŸ’—ğŸ’«,********** M,0,2021-05-26T01:57:22Z
32,UgyGmzgV09v6-yUiMHx4AaABAg,ğŸ˜ğŸ˜ğŸ˜,Aleksandra333,1,2021-05-07T15:02:56Z
33,UgytVkbqutINzQrKPoN4AaABAg,Perfect! So beautiful music! Thank you for your invitation to your page in fb. â™¥ï¸,Roula Diamandi,0,2021-05-06T13:04:20Z
34,UgwcJ7USzOA6pOwoCc14AaABAg,So beautiful! â¤ï¸,Azadeh Sh,0,2021-04-06T16:59:44Z
35,Ugzk3tWCi5DbHXtMLMZ4AaABAg,Love this track! Itâ€™s like Robert Miles and Ludovico Einaudi rolled into one!,Stella Kewley,0,2021-04-04T12:28:14Z
36,UgwEWnSAZT7OJmvu5gJ4AaABAg,"Living on  screens is a real prision. The more agglomerated, the more isolated.",El Idiota,0,2021-03-21T06:51:45Z
37,UgwIwGjSY00QvtKb19h4AaABAg,Awesome!ğŸ˜,Vijaya Lakshmi,1,2021-03-08T00:16:38Z
38,Ugxz_TiRZZvwfPJ-EPF4AaABAg,"Me encanta, me fascina, gracias por compartir tan bello talento",jessenia pereira,0,2021-02-02T23:10:02Z
39,Ugwh59wPVrjBcQwKIOx4AaABAg,you are so amazing with the piano the music is so beautiful and this video shows just how addicted the human race has become to technology. if it was a drug we would all be called addicts. stay safe in these crazy times and thank you for this beautiful music.,Clarky,0,2021-01-07T09:49:13Z
40,UgyRyShH32jBOOQrQvd4AaABAg,"Wooow really beautiful, thanks ğŸ’–ğŸ’–ğŸ’–ğŸ’–",Nikka _A,1,2020-12-21T18:26:58Z
41,Ugw17mAsBe9l84lmmAd4AaABAg,Che bello,Mohamed Dabbour,2,2020-12-16T06:22:28Z
42,Ugyw-5wS0001MupSZ3p4AaABAg,Magnificent audio visual work. Congratulations !! ğŸ™,libertad medina,1,2020-12-02T06:33:44Z
43,Ugyc_iehAap-1DO9tuN4AaABAg,Bravissimo!!,Michelina Michi,1,2020-11-19T07:56:01Z
44,UgzqMG-DH6aGiCr9zG94AaABAg,â¤ï¸,Joseph Amal Sabu,1,2020-11-10T12:05:36Z
45,Ugxv8CcuCIwWjj4v8kJ4AaABAg,i love it!!,DJ Vialpando Music,1,2020-11-10T11:48:26Z
46,UgzgBcGIC6mYKYqTqsp4AaABAg,Yeaaaaaaaaah!!! O love so much. I remember to ludovico (my fav pianist) very nice! You is too fav pianist myself!,Kacco,1,2020-11-10T04:19:57Z
47,UgzQ5jP6FmeOVsHX7EV4AaABAg,I discovered you today thank you.,Anthony Grimes,0,2020-11-09T22:52:00Z
48,UgxpceS3qXc0xucorGV4AaABAg,Wow !!!!!!! Wonderful music !! ğŸ˜˜â¤â¤ğŸ˜˜ğŸ˜˜â¤â¤ğŸ˜˜ğŸ˜˜ğŸ˜˜,Miriam FernÃ¡ndez,1,2020-10-19T12:48:18Z
49,UgzAtGAPsbw4iaS90Zt4AaABAg,Great work!!!really enjoyed it,ASWEN A M 18,1,2020-09-28T18:12:39Z
50,UgxKVEbxNp9p4gqOUal4AaABAg,"Amazing video Alberto, listened for over an hour today on Spotify. Really helped.",Media Marketing Communications,1,2020-09-23T19:17:04Z
51,UgxGJA0_0c7SCum6zw94AaABAg,Amazing video bro the best energy for your art ğŸ‘ŒğŸ‘,Camilo Bustos,1,2020-09-22T23:32:32Z
52,UgwqCyC6vpajpYoaFcZ4AaABAg,Waaaaauuu,IksPalomera,1,2020-09-21T19:17:19Z
53,UgyD7kbflpII5UDnW654AaABAg,ğŸ˜ğŸ˜ğŸ˜ğŸ‘ğŸ»,Madina Madina,1,2020-09-19T00:43:08Z
54,UgyqCzW260VD8Ncpx8N4AaABAg,âœ¨âœ¨âœ¨âœ¨âœ¨âœ¨âœ¨ğŸ¹ğŸ™ŒğŸ˜Š,Belinda Campbell,1,2020-09-12T18:57:57Z
55,UgxdiJmAbjQXZvuH3614AaABAg,Shared ğŸ™Œâ˜€ï¸,Belinda Campbell,1,2020-09-11T22:45:47Z
56,Ugzb2m9IJsVomWWgMKh4AaABAg,Wooooow amazingğŸ¥°,Sousou Vuksic,1,2020-09-11T19:59:32Z
57,UgzEDXOYv-hsYXQffKh4AaABAg,"Bellissimo questo video fa riflettere molto,l'indifferenza della gente ormai non si parla piÃ¹,non ci si guarda negli occhi, ma fissi in uno schermo. E come la msica riesca a catturare la loro attenzione la musica Ã¨  magia ...complimenti bravissimo ğŸ˜Š",Luana Ruffato,1,2020-09-11T07:16:07Z
58,Ugz1qJ2jmBZDQKnJMJ14AaABAg,I love it! âœ¨âœ¨ğŸ˜„ğŸ˜„,Tabitha Moore,1,2020-08-26T19:42:27Z
59,UgyfZgCMTEHAoJjbllR4AaABAg,"Beautiful music  
Very passionate ğŸ¥° 
thank you",Wioletta Diamondheart,1,2020-08-26T13:33:03Z
60,UgwBjt5pUGi7Rw7xqvF4AaABAg,Follow yourself ğŸ’•love the music,Fatiâ€™s cuisine ğŸ‡²ğŸ‡¦ğŸ‡ºğŸ‡¸Ø·Ø±ÙŠÙ‚ØªÙŠ,1,2020-08-24T02:53:42Z
61,UgxtnAJLn1I05m4H5xJ4AaABAg,Precioso!!,clare martel,1,2020-08-11T22:18:05Z
62,UgyTtwlpt2em4uEWFjt4AaABAg,Most underrated musician ever!,Nola1222,6,2020-07-24T20:52:16Z
63,Ugzi4VHb5FsVtln_1hd4AaABAg,First heard you on soundcloud today. Beautiful music man.,Peter Cohen,1,2020-07-17T01:14:12Z
64,UgysHWF_GuHIJ09Qck94AaABAg,quella e' canary wharf!!!,Marta London Fitness Official,1,2020-06-29T14:06:15Z
65,UgwA30RMSr8KOwCohdl4AaABAg,so amazingğŸ˜,Fidan M-va,1,2020-06-27T16:32:14Z
66,UgxouO8NhPRKSdm_ySF4AaABAg,"que triste la gente no se mire y no disfrute el momento, osea, la vida misma. Hermosa reflexiÃ³n muical",Lys153,0,2020-06-22T00:40:22Z
67,UgyzLWFRD-GCNR4AvYZ4AaABAg,"ĞÑ‡ĞµĞ½ÑŒ ĞºÑ€Ğ°ÑĞ¸Ğ²Ğ¾! ĞÑ‡ĞµĞ½ÑŒ Ñ€Ğ°Ğ´ÑƒĞµÑ‚, Ñ‡Ñ‚Ğ¾ Ñ‚Ğ°ĞºĞ°Ñ Ğ¼ÑƒĞ·Ñ‹ĞºĞ° Ğ½Ñ€Ğ°Ğ²Ğ¸Ñ‚ÑÑ Ğ¼Ğ¾Ğ»Ğ¾Ğ´Ñ‹Ğ¼. Ğ—Ğ½Ğ°Ñ‡Ğ¸Ñ‚ ĞµÑÑ‚ÑŒ ĞµÑ‰Ğµ Ğ»ÑĞ´Ğ¸ Ñ Ğ³Ğ»ÑƒĞ±Ğ¾ĞºĞ¾Ğ¹ Ğ´ÑƒÑˆĞ¾Ğ¹, ÑƒĞ¼ĞµÑÑ‰Ğ¸Ğµ Ñ‡ÑƒĞ²ÑÑ‚Ğ²Ğ¾Ğ²Ğ°Ñ‚ÑŒ Ğ¸ Ğ¿ĞµÑ€ĞµĞ¶Ğ¸Ğ²Ğ°Ñ‚ÑŒ. Ğ£Ğ´Ğ°Ñ‡Ğ¸ Ğ²Ğ°Ğ¼ Ğ² Ñ‚Ğ²Ğ¾Ñ€Ñ‡ĞµÑÑ‚Ğ²Ğµ!",Ğ¢Ğ°Ñ‚ÑŒÑĞ½Ğ°,1,2020-06-13T17:11:17Z
68,Ugw0TzSbnJ0tsFZLGzN4AaABAg,SÃºper cool! I like!!!,Rafael Salazar,1,2020-05-23T04:09:06Z
69,Ugx5F3z90DOiHrZ8Kox4AaABAg,beautiful music and I like idea with cinematography.,DreamBodyClub - Ğ¿Ğ¾Ñ…ÑƒĞ´ĞµĞ½Ğ¸Ğµ Ğ¸ Ñ„Ğ¸Ñ‚Ğ½ĞµÑ,6,2020-04-16T14:44:48Z
70,UgyIJAOf4mLRsABNerZ4AaABAg,"Alberto, soltanto dico che continua il tuo cammino. Ringrazio Dio per aver trovato il tuo canale di YouTube. Scusi se il mio italiano non Ã¨ perfetto. Un'abbraccio forte.",Aaron Torrealba,1,2020-03-29T23:40:25Z
71,UgxoD4IccOzvm2PUGZ54AaABAg,Completa armonÃ­a entre la mÃºsica y el sentimiento a travÃ©s de la imagen..te aplaudo..me encanta.,MÃ³nica Santin Morales,1,2020-02-19T22:35:39Z
72,UgynONMddG3NJ4Tuizt4AaABAg,Amazing!,ĞĞ½Ğ³ĞµĞ»Ğ¸Ğ½Ğ° Ğ”ÑƒĞ±Ğ¸Ğ½Ğ¸Ğ½Ğ°,1,2019-11-22T17:16:32Z
73,UgywZmVtAoumZDGkojh4AaABAg,Iâ€™ve enjoyed this music very much and videos.. Follow yourself ğŸ‘Œ keep up man,Ameen Hassan,1,2019-09-14T17:29:21Z
74,UgwvLyd_ONvfVL3359R4AaABAg,"I would have walked right into your arms and hugged you, and probably ruined the video...",Mike Davis,1,2019-09-08T00:59:27Z
75,UgxJQTT4vNj8UUhrpZd4AaABAg,"I first heard the music of Maestro Giurioli only today. I thought at first it was from Ludovico Einaudi but I am very pleased that I have found a new composer to hear as well as LE
Thank you",George Alderson,1,2019-08-29T20:51:41Z
76,UgzKux3twdu53jhERet4AaABAg,"IncreÃ­ble compaÃ±ero!!!, otro tema que va a mis favoritos. Gran trabajo!",Luis Hidalgo,1,2019-07-31T10:03:55Z
77,UgxntS2DDWYKbIRFYZF4AaABAg,ĞÑ‡ĞµĞ½ÑŒ Ğ¸ÑĞºÑ€ĞµĞ½Ğ½Ğ¾. Ğ¯ Ğ¿Ğ»Ğ°Ñ‡Ñƒ.,Ğ®Ğ»Ğ¸Ñ ĞĞ¿Ğ°ĞµĞ²Ğ°,1,2019-07-28T15:42:37Z
78,UgzkZdBrJboE9klx1AF4AaABAg,"For some odd reason, this piece brings a very specific sequence of thoughts and visions into my mind.

I imagine myself navigating an abstract world of ideas and memories. Kind of like that Interstellar scene, but weirder. I recall travelling this exact path once before, a long time ago, and I remember how wrong I was about everything. I was selfish, unaware and inconsiderate. This hurt a lot of people, including myself.

Now I'm at the beginning of this path again. I remember the movements my former self made, I see the ugly consequences of these movements, but I'm resolved to change it all, to change myself. This time I'm doing it right. I follow myself, restlessly, street after street, rooftop after rooftop, fixing my errors, doing things over, over and over until they are done right, fighting my past self, learning the right way and, finally, coming out into the light, into a better world, which I have created around me.

I hope this makes some kind of sense. It is half imagined, half true, and it resonates with me deeply along with this track you have created, parts of it clearly connecting to parts of my little story up there. I guess you could say this is the definition of a masterpiece - something that transcends the boundaries of a single mind and makes someone else think, feel and do unexplainable, but meaningful things.

Thank you, Alberto.",Alexey Agapov,1,2019-07-10T19:20:59Z
79,Ugxo49ic2CtaP2nhGj14AaABAg,Bravissimo,ERPY,1,2019-07-08T14:49:29Z
80,Ugw3PiNO_AVKpPY0-gN4AaABAg,"Grazie Alberto,la tua musica Ã¨ pane per l'anima...il cuore sussulta , la tua musica cura e ravviva lo spirito.Continua cosÃ¬...e come sempre, grazie per condividere il tuo DONO.",Maria Quero,1,2019-06-28T12:26:34Z
81,UgxhrsK251wSGPvdnZ94AaABAg,This is Ludovico's play,Hanane Bourkoukou,1,2019-04-24T20:31:01Z
82,Ugz_UvtyPzF0vveqNOZ4AaABAg,"I first heard this on Instagram. The full version is just so moving and emotionally charged. The music video too was amazing, really thought  provoking . Keep up the good work Alberto! :)... You're an inspiration for younger musicians like myself.",Prateek Prabhudesai,3,2019-01-14T11:50:30Z
83,Ugyt7KC5-PTw2TckZYF4AaABAg,Very nice!,Yeva Tatosyan,1,2018-11-01T23:16:58Z
84,UgxI1OAiBZAhqGnLMKp4AaABAg,"I know I'm a little bit late, but this is fantastic! It's so strong and powerful. My new favourite song ğŸ™",Paula plr,3,2018-09-18T17:39:59Z
85,Ugxuy-MBqFYOwcmUtGR4AaABAg,"Hey Albert, i always find by way back here. Also do you do concerts?",NearAxis,1,2018-09-14T01:59:29Z
86,UgxnikEjlDVerAtqpwF4AaABAg,Perfecttttt â¤ï¸ğŸ’‹,Jasmina Radojeva,1,2018-09-12T10:16:24Z
87,UgxPiRYWhcpnosKEpZJ4AaABAg,Extremely powerful music and video.,phubblewubb phubblewubb,1,2018-08-29T10:34:55Z
88,UgxJKjhOhXIiE3J7qit4AaABAg,"Every time i listen,
I hear the finer details,
and the detail that goes with each note, tells you a lot of things. 
A litte addicted these days ğŸ˜ŠğŸ",ÃœlkÃ¼ Ã–zer,1,2018-07-29T10:39:57Z
89,UgxUrf4dXsZhkkSWoL94AaABAg,"Wonderful, Sad, Beautiful, Powerful.. We live in this sad worldÂ filled withÂ technologyÂ but ignoreÂ theÂ mainÂ casualty, thatÂ being the loss ofÂ human connection, its compassionÂ and wonder. At times weÂ just seem to beÂ passing through a life lived on a 4 x6 inch screen.Â Â With musicÂ I wish at timesÂ peopleÂ would close their eyes if just for a moment, open their heart and mind to the subtle nuances, beauty of the melody, its rhythm and the power of each note. Let the moment be only about themselves andÂ hearing theÂ playing of the artist and what they feel. Then with love shareÂ it withÂ others because it was a truly uniqueÂ experience, they trulyÂ felt the moment and wanted others to feel the beauty and warmth they felt...Your music was heart felt and beautiful..Â  For me Music is like a paintingÂ onÂ the canvas of theÂ listeners heart,Â you always capture that.. All the best to you..",Daron Regan,1,2018-07-26T14:51:47Z
90,UgyUshusc7N1aCA72Fl4AaABAg,Love it â¤ thank you ğŸ˜Š,ÃœlkÃ¼ Ã–zer,1,2018-07-26T08:26:14Z
91,UgxnlnbEdIC80KnQIkZ4AaABAg,Every time I hear this love it more and more all the best Alberto,That Green Scorpion,1,2018-07-19T00:08:54Z
92,UgxM6gAr6KrLxs-U1IV4AaABAg,"I've cried listening to this.  First let me say that I am in a very sad season in my life, having lost my Mother.  I spend a lot of time remembering ....  I was a teenager in the late 70's and I remember how music had the ability to... hard to describe.... almost like a change in my brain.  That sounds odd but I almost swear a change of my brain chemistry was happening... a sudden and complete rush of endorphins.  I have listened to you play and  have felt that again.   Thank you.... thank you.",Lynn D,3,2018-06-19T16:33:06Z
93,UgzI5YR2Uo_N0zALiLZ4AaABAg,Fantastic!,Yajis,1,2018-06-05T18:35:48Z
94,Ugz4kF7vZeiecuNL9E94AaABAg,"Gracias Alberto Giurioli.
Soy Jose Angel Salas Velasco de Facebook. Mire mis vÃ­deos. 
Gracias. ğŸ¶ğŸŒµ",Un Cactus.,2,2018-05-28T19:19:49Z
95,UgyQ3lyHyDLHFtOvMYl4AaABAg,JUST WOUAAAA ğŸ˜,Cyril Chini,1,2018-05-05T10:03:58Z
96,Ugy2moNnx5Fga0JLa8p4AaABAg,Ho trovato il nuovo Ennio Morricone e Ludovivo Einaudi. Hai un grande talento Alberto! Complimenti!,jawranja,2,2018-04-07T23:58:51Z
97,Ugz50DI9nym0wAG3pd14AaABAg,"Woooow !!! Inspired from Ludovico thought !
 â¤âœŒ
WISH YOU ALL  THE BEEEEEEEST   â¤ â¤ â¤ â¤ â¤",boukaj lina,1,2018-03-20T13:06:15Z
98,Ugxgp067zYBKWshVh9d4AaABAg,Very nice. Very beautifulğŸ˜ğŸ˜,Xarun.,0,2018-03-15T12:07:52Z
99,UgzkkcuZnG95HLwG8814AaABAg,Beautiful song and great video :),Margaret B,1,2018-03-03T21:56:57Z
100,Ugw68TCMs6OK8DiUxrp4AaABAg,NÃ£o canso de ouvir!,Patricia Moraes Da Silva,1,2018-02-19T22:42:42Z
101,UgxTR4ruR6GvwN5Bazp4AaABAg,"Hi albert.. im your argentinian fan..madpablo, remember me? hope so, ... I never remember to comment your video but today I did. Hope you continue doing videos like this. It's really relaxing and reflexive... i liked it so much. My material is a little bit different than yours, you can check it out and practise your spanish jaj. You are really talented, i will never get tired to tell you this and listen to your inspiring music. Love you and hope to see you someday live in my country.",MadPablo,3,2018-02-15T02:47:17Z
102,UgzqjEMqo4N5uUkxKHp4AaABAg,When a song brings you to tears you know itâ€™s a beautiful song. I found out about you today and you already became one of my favorite solists. Keep up the amazing work..,M Mare,1,2018-02-10T09:09:11Z
103,Ugz_N1yRiA9rKqGPPMR4AaABAg,Wow Wow Wow âœ¨âœ¨âœ¨âœ¨ jâ€™adore Ã§a ğŸ‘ğŸ¼ Amazing,Radek. K,1,2018-01-31T12:40:37Z
104,UgwsQ1yyoq_vnb2nmsx4AaABAg,"j'aime bien, vraiment trÃ¨s belle vidÃ©o",Fatima RAQIB,1,2018-01-23T15:47:20Z
105,UgwS7k5-yLDTxRANbz54AaABAg,"The music talks a lot especially the bass !! Like the name ""Follow Yourself"" ,the bass itself speaks that 'I am stronger and I will follow myself no matter what happens' !! Just an irony of music :)",Veena Tripathi,2,2018-01-23T07:37:49Z
106,UgxcjskUU_t5EfQFRxh4AaABAg,Loved!!,Leslie Worthy,1,2018-01-22T11:15:51Z
107,Ugx6mSmw8LvMV2RRwAV4AaABAg,"Such lovely work. Mesmerising. Congratulations, mr Giurioli...",Juliet Agalid,1,2018-01-15T13:02:27Z
108,UgwwzIw43H10kppBRaJ4AaABAg,Another great piece Alberto! You're super handsome as well :),Lyna N,2,2018-01-09T20:01:26Z
109,UgwTeuqZV4sP_uAsh1l4AaABAg,BrividiğŸ’–,Itty itty,1,2017-12-28T19:46:13Z
110,UgwXNaQis8B5tshlGWR4AaABAg,Sei Veramente molto bravo. Ti adoroâ¤ğŸŒ»,Itty itty,1,2017-12-28T19:44:56Z
111,UgxfWy--sNyMetsuFUt4AaABAg,Great job! Now I kinda wish I could also play play piano instead of horn.,NearAxis,1,2017-12-26T05:09:27Z
112,UgwepO2p851zkjS8Y194AaABAg,Che musica...bravissimo!,Chiara Latronico,1,2017-12-03T17:17:34Z
113,UgxA-twX-AW4odk94kx4AaABAg,"I would have given you a big hug, seeing you standing in the street, amazing all those people just walking by... I love your music, love from The Netherlands",Kim M.,1,2017-11-22T10:39:13Z
114,UgxFQ4ZXWKJNEQI3T8d4AaABAg,Esta muy lindo ğŸ’“ğŸ’“,jacqui XD,2,2017-11-20T22:32:58Z
115,Ugyp_8nTXxmAM4NlqjV4AaABAg,Love it!â¤,ViltÄ— KulieÅ¡iÅ«tÄ—,1,2017-11-20T19:56:21Z
116,Ugx-t_5tjbLglaQsaJt4AaABAg,Wundervoll! Aussagestark in Bild und Ton! LG rÃ¼ber - weiter so!,carmen290461,1,2017-11-17T17:26:03Z
117,UgxGBtmjyJmb1t4srex4AaABAg,my favorite song of all time!! its magical!,Nikola N,2,2017-11-15T08:31:37Z
118,UgymjxYk-V88ovGeqJh4AaABAg,So in love with your music! â¤,Jessi Ca,1,2017-11-14T18:38:38Z
119,UgyZvJWtvHg9hbD66oB4AaABAg,"Alberto, grande musica. Grande chillout. Grazie e vorrei saperne di piÃ¹ :-) Saluti dalla Polonia",Adam Kusiak,1,2017-11-10T15:26:06Z
120,UgzR_GeIx8oDgXyqiBp4AaABAg,I love this so much,Terese Nicole,1,2017-11-02T00:48:57Z
121,UgwJQLSD9dbRzM7ecx94AaABAg,this is so beautiful musicğŸ’”,Sabina Gadjieva,1,2017-10-21T21:33:47Z
122,Ugxct0ruTExaSlMvky54AaABAg,"Do not deny what you are.
Thank you for your heartful words.",rtsz26,1,2017-10-21T08:14:38Z
123,UgwZlAZXYEOxRhidy794AaABAg,Sublime !,DianÃ¦ MÅ“,1,2017-10-19T01:40:34Z
124,Ugz6e8G_mMFF0ZqT-Y14AaABAg,Amazing.....I love it,Nirvana,1,2017-10-03T19:44:01Z
125,Ugx9AAVPVuf2CpSY4wJ4AaABAg,"I was speechless ğŸ¤ i love it, its been a long time that i since a video who make me feel like this.... everyday we are more disconnected from others and from ourselves (my inglish is not very good but i tried ğŸ˜…) Great Video, you made my day ğŸ˜",Meraki_lena,2,2017-10-03T01:56:06Z
126,UgwnxdJU5-3YJYQtsHJ4AaABAg,I have been listening this musice over and over again to forget someone who I loved ... .. Thanks ...AG,Nazeer S,1,2017-09-24T00:19:49Z
127,Ugzp4-xqHf-D6A9TJ0t4AaABAg,"Complimenti, video e canzone fantastici ed emozionanti. Bravo per le emozioni che sai trasmettere.",Alice Fasolin,0,2017-09-15T10:29:36Z
128,UgwCYHcX5aO6YT6PWhJ4AaABAg,ğŸ‘ğŸ‘ğŸ‘,Noor Jabety,3,2017-09-13T13:24:12Z
129,Ugyam0NpJJSlBaVjwrl4AaABAg,ğŸ’™ğŸ¹ğŸ’™,S A,1,2017-09-10T17:13:06Z
130,Ugwri6Q9Y8oPoTr2QHl4AaABAg,I can't find the word to describe it.  Impressive...,merve pektaÅŸ,1,2017-09-09T15:13:20Z
131,UgwL0DRsc8_PfU-kxuF4AaABAg,Â¡Muy bonito! :),Olmo Blanco,4,2017-09-08T11:24:07Z
132,UgzIoUcfpwSRXOVyhKB4AaABAg,"Magnificent piece! great orchestration! liked so much :))) 
Thank youuu
Daniela",Daniela Spadini,2,2017-09-08T11:19:02Z
133,Ugx4O4fPDsAGnFci6eB4AaABAg,Perfetto Ã¨  molto molto bene ğŸ‘ğŸ‘ğŸ˜Š,SongÃ¼l Ekici,1,2017-09-08T09:37:55Z
134,Ugw6jbFZ0wKBFDiCkLN4AaABAg,Moria de ganas por ver este video habia visto en tu instagram contenido de cuando lo estabas grabando. Y poderlo ver ahora terminado esta genial! Muchas felicidades quedo hermoso!.,Anitta Barragan,2,2017-09-08T02:01:20Z
135,Ugxl_9jBIoeHeru1VOd4AaABAg,Lovely,John Two,1,2017-09-07T15:38:31Z
136,Ugxp2_doj7m7G80qSJZ4AaABAg,Really love this #track and the #video is so #emotional :),John one,1,2017-09-07T15:37:44Z
137,Ugz-y_PF6pivWerjC914AaABAg,Thank you very much very nice and beauty,Amin Abdolalipour,1,2017-09-06T19:05:40Z
138,UgxAbLgMCGiXeE7ZEGx4AaABAg,Goose bumps when the theme moves on the higher octaves....following yourself ...Bravo,Akshay K,1,2017-09-06T07:58:54Z
139,Ugz2zlpinPZmaaIck9x4AaABAg,"Too Good! â¤ï¸
Wish you all the best!! Keep on creating such amazing music!",Rohit Banerjee,1,2017-09-06T05:36:42Z
140,Ugxi9pKVTpKSeHLyUTd4AaABAg,Very original..inspiring. My favorite kind of music :),A Reilly,1,2017-09-05T19:58:13Z
141,Ugxi3znzTp-4sfDw2mt4AaABAg,Strong and Beautiful Song  âš˜ğŸ€ğŸ‘ğŸ‘ğŸ‘,Mauritania Lima,1,2017-09-05T13:58:21Z
142,UgzWTiyu8q8V2X044lZ4AaABAg,"Absolutely stunning/beautiful, sounding rather emotive/powerful!! Love it!!  'One Note' is also beautiful!! I am a fan of Ludovico Einaudi & now a fan of yours also!! I look forward to hearing more of your work!!!! â˜ºï¸ x",Emma Veitch,3,2017-09-05T12:06:12Z
143,UgybzQSxhcEwRGVIBoB4AaABAg,"How can I not know about this sooner? This is AMAZINGLY beautiful! I haven't played the piano for awhile, but always love listening to pure solo piano songs! Thanks Alberto, keep up the good work! Much love â¤ï¸",ling,2,2017-09-05T00:00:24Z
144,UgzBtfLIgksqpuH_SU94AaABAg,Ci siamoğŸ‘,daniela f,1,2017-09-04T17:11:11Z
145,UgybqfqnK8i3Hr72-H94AaABAg,Awesome! :),Jakub Lietavec,1,2017-09-04T15:57:22Z
146,Ugy_k9Ogd9G0bwbN2Yl4AaABAg,Awesome Alberto. BravoğŸ¤˜ğŸ¼ğŸ¤˜ğŸ¼ğŸ©,LEO Farahmand,0,2017-09-04T13:12:19Z
147,UgxXH38ZedO-7UJ0hPd4AaABAg,"Trop beau, trop bien, un rÃ©gal.",IRENE LH,1,2017-09-04T12:13:24Z
148,UgxvzoQuqPxi7BgvGtR4AaABAg,Top! Bravi!,Channel Vibe,2,2017-09-04T09:46:41Z
149,UgxKJoPnqJZ_Gmymtwh4AaABAg,Ø£ØªÙ…Ù†Ù‰ Ù„Ùƒ Ø§Ù„ØªÙˆÙÙŠÙ‚ ^^ ^^ Ø£Ø¹Ø¬Ø¨ØªÙ†ÙŠ,abdelhadi elottri,1,2017-09-04T09:17:20Z
150,UgxW6YbG8sqsORh6uwh4AaABAg,Love it man! Finally understood what you were trying to do with this song!,lake5pilot,2,2017-09-04T04:30:31Z
151,UgiV6wvkqYt-cngCoAEC,I walked by that piano in St. Pancras yesterday. Great video and great song Alberto! It could work perfectly as a soundtrack for any thriller filmed in London,Oriol Salvador,2,2017-09-03T22:41:14Z
152,Ugw9E5eXhxZHjcc7LlV4AaABAg,"Speechless, amazing just wow ğŸ‘ğŸ»â¤ï¸ï¸",Mariem B'r,1,2017-09-03T21:58:38Z
153,UgyISNVKNeRQcok5Wqt4AaABAg,"ooo my heart   I love   â¤ and I'll  share it  with my whole friends   you just knock my heart   oh oh oh  ğŸ˜ğŸ˜   
_yours: amen Allah krissane  ur Tunisian friend â˜º    keep it up  !!",Amen Allah Krissane,1,2017-09-03T21:11:43Z
154,Ugyet2GUF0qdJIxaXox4AaABAg,Via viatores quaerit Alberto! Grazie!,Barth,1,2017-09-03T20:30:59Z
155,UgywuKJAxsOv68W_Noh4AaABAg,Bellissimo,Guillermo fernandez,1,2017-09-03T19:10:53Z
156,UgwKsdEyMYhs1UoOX294AaABAg,ğŸ‘Œ,bienes piano,1,2017-09-03T18:55:10Z
157,UgzVa_OsG32pmr70a1t4AaABAg,"Bravo Alberto, quel que soit le titre, il y a toujours cette mÃªme Ã©motion et ce tempo.",Patrice Bossuot,1,2017-09-03T18:30:19Z
158,UgxrK03RJX8Tcfey5UV4AaABAg,"Me encantoâ™¡
Esta cancion me pone a pensar muchas cosas",Leslie H,3,2017-09-03T17:18:16Z
159,UgwaBO1BW2qebenjlWN4AaABAg,I loved it .....,Nazeer S,1,2017-09-03T16:54:22Z
160,UgxsDZ7lxN5xk4K3NC14AaABAg,So moving. Literally. â¤ï¸,Patrick Mooney,1,2017-09-03T16:39:46Z
161,Ugw8pML-lhsZJmSrDet4AaABAg,Another Amazing single Sir !!  just keep on doing this good work Sir !!,Shankar Prasad,1,2017-09-03T16:23:45Z
162,UgzYa1udHE8NQFoi73t4AaABAg,"Bravo Alberto, grande!",Miss Rossi S.,4,2017-09-03T15:48:28Z
163,UgxPazYyPkHVROsR3U54AaABAg,"When life seems ordinary, but this melody remind us that It is just amazing! Endless journey!",Vania Eng,4,2017-09-03T15:43:29Z
164,UgzOucedY6a40Hqm1Hl4AaABAg,"Amazing piece of your heart...i really feel so mush some incredible power under your music...it's just these kind of music that speaks right to people's heart and tells them to believe...i really have no idea how you do this kind of music, it's just really amazing piece peace of art! i really love your music!",Chiyoko Tachibana :3,5,2017-09-03T15:10:18Z
165,Ugwl0Sx7T63ojIMR3dl4AaABAg,"Slow down your speed,raise your head.
Open your eyes,watch..world is nice.
Hope???
...I hope!...  
It's divine,this feel is mine..",Monika Tyllerova,3,2017-09-03T15:07:59Z
166,UgybNLa27CjSsBcSeXB4AaABAg,Beautiful  ğŸ˜,Leila Saltini,1,2017-09-03T15:07:44Z
167,UgyQfNWuc_ePKnlze794AaABAg,The perfect soundtrack of my life!!!! :3,Samara Flores,3,2017-09-03T15:03:08Z
168,UgwkQUgGnHNWSmqAGvN4AaABAg,Ğ“Ğ°Ñ€Ğ½Ğ¾ Ğ´ÑƒĞ¶Ğµ! ĞœĞ¾Ğ»Ğ¾Ğ´ĞµÑ†ÑŒ!,Ğ ÑƒÑĞ»Ğ°Ğ½Ğ° ĞšÑƒÑ€Ğ°Ñ…,1,2017-09-03T14:47:08Z
169,UgwQTVSjfbCwF9qWNQV4AaABAg,"Ludovico's spirit is in there, I like it .. Wish you the best",May,46,2017-09-03T14:46:57Z
170,Ugwg9Q9mn54cKcR9eKh4AaABAg,WOW! just wow :)))))))),aasiowata,7,2017-09-03T14:37:57Z
171,UgxYPTzghGfk9ykElJR4AaABAg,"First time I heard this, it felt like it needed to be in a movie. Great job.",Milena JakovljeviÄ‡,7,2017-09-03T14:34:09Z
172,UgweeRU5KnwgTwYEc854AaABAg,ğŸ‘ğŸ‘ğŸ‘ğŸ‘,Maria Seven TarÄ±kcÄ±,1,2017-09-03T14:31:29Z
173,Ugw75YKKtdyN8jDOeEx4AaABAg,Powerful!!Great song..,Faye85D,2,2017-09-03T14:25:38Z
174,UgxDsveM4SUcAohlJiJ4AaABAg,This made my day!! Loved it. ğŸ‘ŒğŸ’—,Naughty CachÃ©,5,2017-09-03T14:19:21Z
175,Ugw2Fn0OKUPGiPjQhfN4AaABAg,This is a great song and I am happy to have it. :),Aeyla Spirit,3,2017-09-03T14:13:03Z
176,UgzrytdSDndXr1rAMKR4AaABAg,So beautiful!,Vincent Elias Baar,4,2017-09-03T14:09:50Z
